{"cameraMode":{"drawMode":0,"name":"Shaded","section":"Shading Mode"},"sceneLighting":false,"audioPlay":false,"sceneViewState":{"showFog":true,"showMaterialUpdate":false,"showSkybox":true,"showFlares":true,"showImageEffects":true,"showParticleSystems":true},"in2DMode":false,"pivot":{"x":66.99319458007813,"y":1.0926531553268433,"z":-205.72265625},"rotation":{"x":-0.1735776662826538,"y":0.17564992606639863,"z":-0.0314781591296196,"w":-0.9685180187225342},"size":2.9550604820251467,"orthographic":false}