{"cameraMode":{"drawMode":0,"name":"Shaded","section":"Shading Mode"},"sceneLighting":true,"audioPlay":false,"sceneViewState":{"showFog":true,"showMaterialUpdate":false,"showSkybox":true,"showFlares":true,"showImageEffects":true,"showParticleSystems":true},"in2DMode":false,"pivot":{"x":-28.468887329101564,"y":1.1317157745361329,"z":1.800688624382019},"rotation":{"x":-0.07755124568939209,"y":-0.5086934566497803,"z":0.04607737809419632,"w":-0.856208860874176},"size":2.8578836917877199,"orthographic":false}