{"cameraMode":{"drawMode":0,"name":"Shaded","section":"Shading Mode"},"sceneLighting":false,"audioPlay":false,"sceneViewState":{"showFog":true,"showMaterialUpdate":false,"showSkybox":true,"showFlares":true,"showImageEffects":true,"showParticleSystems":true},"in2DMode":false,"pivot":{"x":1.3017128705978394,"y":-7.668060302734375,"z":-9.641162872314454},"rotation":{"x":0.30151844024658205,"y":-0.6492814421653748,"z":0.31388986110687258,"w":0.6236933469772339},"size":22.0,"orthographic":false}