{"cameraMode":{"drawMode":0,"name":"Shaded","section":"Shading Mode"},"sceneLighting":false,"audioPlay":false,"sceneViewState":{"showFog":true,"showMaterialUpdate":false,"showSkybox":true,"showFlares":true,"showImageEffects":true,"showParticleSystems":true},"in2DMode":false,"pivot":{"x":0.0,"y":0.5358750224113464,"z":0.8300000429153442},"rotation":{"x":0.18109922111034394,"y":-0.6923834085464478,"z":0.18627727031707765,"w":0.6731337904930115},"size":2.619325876235962,"orthographic":false}