{"cameraMode":{"drawMode":0,"name":"Shaded","section":"Shading Mode"},"sceneLighting":false,"audioPlay":false,"sceneViewState":{"showFog":true,"showMaterialUpdate":false,"showSkybox":true,"showFlares":true,"showImageEffects":true,"showParticleSystems":true},"in2DMode":false,"pivot":{"x":-14.023117065429688,"y":22.97863006591797,"z":-226.96604919433595},"rotation":{"x":-0.1735776662826538,"y":0.17564992606639863,"z":-0.0314781591296196,"w":-0.9685180187225342},"size":303.1593933105469,"orthographic":false}