{"cameraMode":{"drawMode":0,"name":"Shaded","section":"Shading Mode"},"sceneLighting":false,"audioPlay":false,"sceneViewState":{"showFog":true,"showMaterialUpdate":false,"showSkybox":true,"showFlares":true,"showImageEffects":true,"showParticleSystems":true},"in2DMode":false,"pivot":{"x":-62.67344284057617,"y":-41.26636505126953,"z":29.075254440307618},"rotation":{"x":0.16599202156066895,"y":-0.6801238059997559,"z":0.16235367953777314,"w":0.6953557729721069},"size":91.19795989990235,"orthographic":false}