{"cameraMode":{"drawMode":0,"name":"Shaded","section":"Shading Mode"},"sceneLighting":false,"audioPlay":false,"sceneViewState":{"showFog":true,"showMaterialUpdate":false,"showSkybox":true,"showFlares":true,"showImageEffects":true,"showParticleSystems":true},"in2DMode":false,"pivot":{"x":-6.8467206954956059,"y":-55.629695892333987,"z":24.12354278564453},"rotation":{"x":0.44843560457229617,"y":-0.5457776188850403,"z":0.44390615820884707,"w":0.5513435006141663},"size":90.76685333251953,"orthographic":false}