{"cameraMode":{"drawMode":0,"name":"Shaded","section":"Shading Mode"},"sceneLighting":false,"audioPlay":false,"sceneViewState":{"showFog":true,"showMaterialUpdate":false,"showSkybox":true,"showFlares":true,"showImageEffects":true,"showParticleSystems":true},"in2DMode":false,"pivot":{"x":4.1491570472717289,"y":-1.9437882900238038,"z":18.334386825561525},"rotation":{"x":-0.18129554390907288,"y":0.10246868431568146,"z":-0.018997909501194955,"w":-0.977891206741333},"size":22.0,"orthographic":false}