{"cameraMode":{"drawMode":0,"name":"Shaded","section":"Shading Mode"},"sceneLighting":false,"audioPlay":false,"sceneViewState":{"showFog":true,"showMaterialUpdate":false,"showSkybox":true,"showFlares":true,"showImageEffects":true,"showParticleSystems":true},"in2DMode":false,"pivot":{"x":0.9207744598388672,"y":-4.360673904418945,"z":23.804101943969728},"rotation":{"x":-0.32896971702575686,"y":0.20537588000297547,"z":-0.07353300601243973,"w":-0.9187995791435242},"size":35.54261779785156,"orthographic":false}