{"cameraMode":{"drawMode":0,"name":"Shaded","section":"Shading Mode"},"sceneLighting":false,"audioPlay":false,"sceneViewState":{"showFog":true,"showMaterialUpdate":false,"showSkybox":true,"showFlares":true,"showImageEffects":true,"showParticleSystems":true},"in2DMode":false,"pivot":{"x":-0.36184871196746828,"y":-5.408064842224121,"z":32.48514938354492},"rotation":{"x":-0.005678107496351004,"y":0.6877471208572388,"z":-0.005379157140851021,"w":-0.7259082794189453},"size":35.54261779785156,"orthographic":false}