{"cameraMode":{"drawMode":0,"name":"Shaded","section":"Shading Mode"},"sceneLighting":false,"audioPlay":false,"sceneViewState":{"showFog":true,"showMaterialUpdate":false,"showSkybox":true,"showFlares":true,"showImageEffects":true,"showParticleSystems":true},"in2DMode":false,"pivot":{"x":0.4976828098297119,"y":-0.46429359912872317,"z":1.389345645904541},"rotation":{"x":0.2614138126373291,"y":0.19664838910102845,"z":-0.054487746208906177,"w":0.9434104561805725},"size":4.1096367835998539,"orthographic":false}