{"cameraMode":{"drawMode":0,"name":"Shaded","section":"Shading Mode"},"sceneLighting":false,"audioPlay":false,"sceneViewState":{"showFog":true,"showMaterialUpdate":false,"showSkybox":true,"showFlares":true,"showImageEffects":true,"showParticleSystems":true},"in2DMode":false,"pivot":{"x":8.833125114440918,"y":-12.287986755371094,"z":-23.51066780090332},"rotation":{"x":-0.013319040648639202,"y":-0.9857098460197449,"z":0.13872545957565309,"w":-0.09462582319974899},"size":26.87725830078125,"orthographic":false}