{"cameraMode":{"drawMode":0,"name":"Shaded","section":"Shading Mode"},"sceneLighting":false,"audioPlay":false,"sceneViewState":{"showFog":true,"showMaterialUpdate":false,"showSkybox":true,"showFlares":true,"showImageEffects":true,"showParticleSystems":true},"in2DMode":false,"pivot":{"x":-14.023117065429688,"y":22.97863006591797,"z":-226.96604919433595},"rotation":{"x":0.015231880359351635,"y":0.10181217640638352,"z":-0.001556753646582365,"w":0.9946858286857605},"size":76.9500503540039,"orthographic":false}