{"cameraMode":{"drawMode":0,"name":"Shaded","section":"Shading Mode"},"sceneLighting":false,"audioPlay":false,"sceneViewState":{"showFog":true,"showMaterialUpdate":false,"showSkybox":true,"showFlares":true,"showImageEffects":true,"showParticleSystems":true},"in2DMode":false,"pivot":{"x":66.99319458007813,"y":1.0926531553268433,"z":-205.72265625},"rotation":{"x":0.1343940645456314,"y":0.67628413438797,"z":-0.12747547030448914,"w":0.7129713296890259},"size":2.9550604820251467,"orthographic":false}