{"cameraMode":{"drawMode":0,"name":"Shaded","section":"Shading Mode"},"sceneLighting":false,"audioPlay":false,"sceneViewState":{"showFog":true,"showMaterialUpdate":false,"showSkybox":true,"showFlares":true,"showImageEffects":true,"showParticleSystems":true},"in2DMode":false,"pivot":{"x":6.651817321777344,"y":-0.973598062992096,"z":-0.039219558238983157},"rotation":{"x":0.10139801353216171,"y":0.3446229100227356,"z":-0.037469811737537387,"w":0.9324964284896851},"size":16.58311653137207,"orthographic":false}